<?xml version="1.0" encoding="UTF-8" ?>
<!DOCTYPE configuration
  PUBLIC "-//mybatis.org//DTD Config 3.0//EN"
  "http://mybatis.org/dtd/mybatis-3-config.dtd">
<configuration>
	<properties resource="db.properties" />
	<typeAliases>
		<typeAlias type="com.mega.mvc07.MemberDTO" alias="memberDTO"></typeAlias>
	</typeAliases>
	<mappers>
		<mapper resource="mapper/memberMapper.xml" />
		<mapper resource="mapper/bbsMapper.xml" />
		<mapper resource="mapper/productMapper.xml" />
	</mappers>
</configuration>
