<?xml version="1.0" encoding="UTF-8" ?>
<!DOCTYPE configuration
  PUBLIC "-//mybatis.org//DTD Config 3.0//EN"
  "http://mybatis.org/dtd/mybatis-3-config.dtd">
<configuration>
	<properties resource="db.properties" />
	<typeAliases>
		<typeAlias type="com.mega.mvc07.MemberDTO" alias="memberDTO"></typeAlias>
		<typeAlias type="com.mega.mvc07.BbsDTO" alias="bbsDTO"></typeAlias>
		<typeAlias type="com.mega.mvc07.ReplyDTO" alias="replyDTO"></typeAlias>
		<typeAlias type="com.mega.mvc07.CommentDTO" alias="commentDTO"></typeAlias>
	</typeAliases>
	
	<mappers>
		<mapper resource="mapper/replyMapper.xml"/>
		<mapper resource="mapper/memberMapper.xml" />
		<mapper resource="mapper/bbsMapper.xml" />
		<mapper resource="mapper/productMapper.xml" />
		<mapper resource="mapper/commentMapper.xml" />
	</mappers>
</configuration>
